label,CohensD
NA,0
Left-Thalamus-Proper,0
Right-Thalamus-Proper,0
Right-Lateral-Ventricle,0
Left-Hippocampus,0
Left-Lateral-Ventricle,0
Right-Putamen,0
Right-Amygdala,0
Left-Putamen,0
Right-VentralDC,0
Left-VentralDC,0
Right-Hippocampus,0
Left-Amygdala,0
Left-Pallidum,0
Right-Pallidum,0
Left-Caudate,0
Right-Caudate,0
x3rd-ventricle,0
x4th-ventricle,0
Brain-Stem,0
CC_Anterior,0.553181016
CC_Central,0
CC_Mid_Anterior,0.580751339
CC_Mid_Posterior,0.554079178
CC_Posterior,0
Right-Cerebellum-Cortex,-0.406181213
Right-Cerebellum-White-Matter,0
