hemi,side,region,label,CohensD
left,lateral,NA,NA,0
left,lateral,bankssts,lh_bankssts,0
left,lateral,caudal middle frontal,lh_caudalmiddlefrontal,0
left,lateral,fusiform,lh_fusiform,0
left,lateral,inferior parietal,lh_inferiorparietal,0
left,lateral,inferior temporal,lh_inferiortemporal,0
left,lateral,lateral occipital,lh_lateraloccipital,0
left,lateral,lateral orbitofrontal,lh_lateralorbitofrontal,0
left,lateral,middle temporal,lh_middletemporal,0
left,lateral,pars opercularis,lh_parsopercularis,-0.509991009
left,lateral,pars orbitalis,lh_parsorbitalis,0
left,lateral,pars triangularis,lh_parstriangularis,0
left,lateral,postcentral,lh_postcentral,0
left,lateral,precentral,lh_precentral,0
left,lateral,rostral middle frontal,lh_rostralmiddlefrontal,0
left,lateral,superior frontal,lh_superiorfrontal,0
left,lateral,superior parietal,lh_superiorparietal,0
left,lateral,superior temporal,lh_superiortemporal,1.022987021
left,lateral,supramarginal,lh_supramarginal,0
left,lateral,temporal pole,lh_temporalpole,0
left,lateral,transverse temporal,lh_transversetemporal,0
left,lateral,insula,lh_insula,0
left,medial,NA,NA,0
left,medial,caudal anterior cingulate,lh_caudalanteriorcingulate,0
left,medial,corpus callosum,lh_corpuscallosum,0
left,medial,cuneus,lh_cuneus,0
left,medial,entorhinal,lh_entorhinal,0
left,medial,fusiform,lh_fusiform,0
left,medial,isthmus cingulate,lh_isthmuscingulate,0
left,medial,lateral occipital,lh_lateraloccipital,0
left,medial,lateral orbitofrontal,lh_lateralorbitofrontal,0
left,medial,lingual,lh_lingual,0
left,medial,medial orbitofrontal,lh_medialorbitofrontal,0
left,medial,parahippocampal,lh_parahippocampal,0
left,medial,paracentral,lh_paracentral,0
left,medial,pericalcarine,lh_pericalcarine,0
left,medial,postcentral,lh_postcentral,0
left,medial,posterior cingulate,lh_posteriorcingulate,0
left,medial,precentral,lh_precentral,0
left,medial,precuneus,lh_precuneus,0
left,medial,rostral anterior cingulate,lh_rostralanteriorcingulate,0
left,medial,superior frontal,lh_superiorfrontal,0
left,medial,superior parietal,lh_superiorparietal,0
left,medial,frontal pole,lh_frontalpole,0
left,medial,temporal pole,lh_temporalpole,0
right,medial,NA,NA,0
right,medial,caudal anterior cingulate,rh_caudalanteriorcingulate,0
right,medial,corpus callosum,rh_corpuscallosum,0
right,medial,cuneus,rh_cuneus,0
right,medial,entorhinal,rh_entorhinal,0
right,medial,fusiform,rh_fusiform,0
right,medial,isthmus cingulate,rh_isthmuscingulate,0
right,medial,lateral occipital,rh_lateraloccipital,0
right,medial,lateral orbitofrontal,rh_lateralorbitofrontal,0
right,medial,lingual,rh_lingual,0
right,medial,medial orbitofrontal,rh_medialorbitofrontal,0
right,medial,parahippocampal,rh_parahippocampal,0
right,medial,paracentral,rh_paracentral,0
right,medial,pericalcarine,rh_pericalcarine,0
right,medial,postcentral,rh_postcentral,0
right,medial,posterior cingulate,rh_posteriorcingulate,0
right,medial,precentral,rh_precentral,0
right,medial,precuneus,rh_precuneus,0
right,medial,rostral anterior cingulate,rh_rostralanteriorcingulate,0
right,medial,superior frontal,rh_superiorfrontal,0
right,medial,superior parietal,rh_superiorparietal,0
right,medial,frontal pole,rh_frontalpole,0
right,medial,temporal pole,rh_temporalpole,0
right,lateral,NA,NA,0
right,lateral,bankssts,rh_bankssts,0.368500939
right,lateral,caudal middle frontal,rh_caudalmiddlefrontal,0
right,lateral,fusiform,rh_fusiform,0
right,lateral,inferior parietal,rh_inferiorparietal,0
right,lateral,inferior temporal,rh_inferiortemporal,0
right,lateral,lateral occipital,rh_lateraloccipital,0
right,lateral,lateral orbitofrontal,rh_lateralorbitofrontal,0
right,lateral,middle temporal,rh_middletemporal,0
right,lateral,pars opercularis,rh_parsopercularis,0
right,lateral,pars orbitalis,rh_parsorbitalis,0
right,lateral,pars triangularis,rh_parstriangularis,0
right,lateral,postcentral,rh_postcentral,0
right,lateral,precentral,rh_precentral,0
right,lateral,rostral middle frontal,rh_rostralmiddlefrontal,0
right,lateral,superior frontal,rh_superiorfrontal,0
right,lateral,superior parietal,rh_superiorparietal,0
right,lateral,superior temporal,rh_superiortemporal,0
right,lateral,supramarginal,rh_supramarginal,0
right,lateral,temporal pole,rh_temporalpole,0
right,lateral,transverse temporal,rh_transversetemporal,0
right,lateral,insula,rh_insula,0
